<?xml version="1.0" encoding="UTF-8"?>
<!DOCTYPE hibernate-configuration PUBLIC
		"-//Hibernate/Hibernate Configuration DTD 3.0//EN"
		"http://www.hibernate.org/dtd/hibernate-configuration-3.0.dtd">
<hibernate-configuration>
    <session-factory>
    
     <property name="hibernate.connection.driver_class">com.mysql.cj.jdbc.Driver</property>
  <property name="hibernate.dialect">org.hibernate.dialect.MySQL8Dialect</property>
  <property name="hibernate.connection.url">jdbc:mysql://localhost:3306/hibernatedemo</property>
  <property name="hibernate.connection.username">root</property>
  <property name="hibernate.connection.password">D1331123421@d</property>
                  <property name=".connection.pool_size">20</property>
                                  <property name="show_sql">true</property>
                                  <property name="format_sql">true</property>
                                  
                          <property name="hibernate.hbm2ddl.auto">create</property>
                  
              <property name="connection.autocommit">true</property>
          <property name="current_session_context_class">thread</property>
  
                 <property name="current_session_context_class">thread</property>
        
                <mapping resource="com/simplilearn/employee/Employee.hbm.xml"/>
                
        
    </session-factory>
</hibernate-configuration>
